City_ID,City,Lat,Lng,Max Temp,Humidity,Cloudiness,Wind Speed,Country,Date
0,blackmans bay,-43.0167,147.3167,14.18,86,100,1.06,AU,1707680025
1,geraldton,-28.7667,114.6,22.23,88,0,4.12,AU,1707679892
2,college,64.8569,-147.8028,-5.61,86,100,2.06,US,1707680026
3,qaqortoq,60.7167,-46.0333,-16.82,77,99,2.66,GL,1707679935
4,tarawa,1.419,172.984,28.05,89,75,4.12,KI,1707680027
5,edinburgh of the seven seas,-37.0676,-12.3116,18.05,68,42,7.85,SH,1707680027
6,saipan,15.1355,145.701,25.39,69,0,5.14,MP,1707680028
7,grytviken,-54.2811,-36.5092,5.17,85,22,4.68,GS,1707680029
8,rawson,-43.3002,-65.1023,30.29,20,100,7.73,AR,1707679847
9,hawaiian paradise park,19.5933,-154.9731,21.69,90,100,4.12,US,1707680030
10,vorgashor,67.5833,63.95,-31.29,100,100,1.89,RU,1707680031
11,puerto natales,-51.7236,-72.4875,12.25,54,75,6.69,CL,1707680032
12,bereket,39.2446,55.5154,12.4,45,55,3.73,TM,1707680032
13,jayapura,-2.5333,140.7,24.66,89,100,1.52,ID,1707680033
14,bredasdorp,-34.5322,20.0403,19.65,76,100,4.92,ZA,1707680033
15,dongola,19.1667,30.4833,18.47,11,0,2.97,SD,1707680034
16,kodiak,57.79,-152.4072,-0.27,100,75,0.0,US,1707680035
17,bethel,41.3712,-73.414,8.65,61,0,3.09,US,1707680035
18,ushuaia,-54.8,-68.3,9.81,76,75,9.26,AR,1707679880
19,scandiano,44.5965,10.6907,12.27,92,100,0.89,IT,1707680036
20,lihue,21.9789,-159.3672,24.64,78,75,3.09,US,1707680037
21,tura,25.5198,90.2201,15.06,49,78,1.09,IN,1707680037
22,tainan,22.9908,120.2133,16.6,76,20,2.57,TW,1707680038
23,kolwezi,-10.7148,25.4667,17.13,95,85,2.01,CD,1707680038
24,port-aux-francais,-49.35,70.2167,8.78,94,100,14.95,TF,1707680038
25,iqaluit,63.7506,-68.5145,-21.15,71,75,1.54,CA,1707680039
26,puerto ayacucho,5.6639,-67.6236,34.73,42,64,4.47,VE,1707680039
27,avarua,-21.2078,-159.775,28.03,74,40,6.17,CK,1707680040
28,island harbour,50.724,-1.2758,8.45,84,11,1.34,GB,1707680041
29,cabo san lucas,22.8909,-109.9124,24.23,56,0,4.63,MX,1707680041
30,yengema,8.7167,-11.1667,27.81,36,68,0.73,SL,1707680042
31,prince george,53.9166,-122.753,1.25,89,75,3.6,CA,1707680042
32,hamilton,39.1834,-84.5333,10.7,63,0,4.02,US,1707680039
33,ribeira grande,38.5167,-28.7,18.22,82,40,8.75,PT,1707680043
34,yellowknife,62.456,-114.3525,-6.99,86,20,0.0,CA,1707680044
35,bikenibeu village,1.3673,173.1241,27.98,89,75,4.12,KI,1707679896
36,waitangi,-43.9535,-176.5597,12.12,76,100,1.79,NZ,1707680044
37,port elizabeth,-33.918,25.5701,22.28,80,0,6.17,ZA,1707680045
38,tiksi,71.6872,128.8694,-34.29,100,100,0.95,RU,1707680026
39,fuling,29.7022,107.3919,10.84,67,13,0.93,CN,1707680046
40,palmer,42.1584,-72.3287,8.07,54,75,6.17,US,1707680047
41,tolstoy-yurt,43.4444,45.7722,8.18,81,0,2.0,RU,1707680047
42,mossel bay,-34.1831,22.146,20.23,85,59,8.08,ZA,1707680049
43,ilulissat,69.2167,-51.1,-17.99,71,40,4.63,GL,1707680049
44,flin flon,54.7682,-101.865,-8.09,79,100,1.54,CA,1707680049
45,olonkinbyen,70.9221,-8.7187,-2.94,63,100,6.06,SJ,1707680051
46,namibe,-15.1961,12.1522,25.6,78,100,2.45,AO,1707680051
47,bardai,11.65,7.2333,25.89,16,0,3.94,NG,1707680052
48,adamstown,-25.066,-130.1015,25.09,89,72,10.93,PN,1707680052
49,flying fish cove,-10.4217,105.6791,28.14,65,96,3.02,CX,1707680053
50,talnakh,69.4865,88.3972,-32.64,85,16,0.95,RU,1707680032
51,invercargill,-46.4,168.35,11.12,87,100,2.24,NZ,1707680054
52,veraval,20.9,70.3667,21.19,32,88,4.91,IN,1707680055
53,comodoro rivadavia,-45.8667,-67.5,23.92,33,20,18.01,AR,1707679817
54,vila velha,-20.3297,-40.2925,30.97,79,40,4.63,BR,1707680056
55,lerwick,60.1545,-1.1494,5.0,98,100,13.37,GB,1707680057
56,keflavik,64.0049,-22.5624,0.24,59,0,4.63,IS,1707679973
57,taman',45.2117,36.7161,9.13,89,100,6.66,RU,1707679952
58,port mathurin,-19.6833,63.4167,27.27,84,100,7.93,MU,1707680058
59,nemuro,43.3236,145.575,-4.84,74,92,1.82,JP,1707680059
60,longboat key,27.4125,-82.659,28.42,73,75,9.77,US,1707679851
61,saint-philippe,-21.3585,55.7679,26.77,88,43,4.78,RE,1707679881
62,kristiansund,63.1115,7.732,-0.64,64,0,3.6,NO,1707680060
63,uturoa,-16.7333,-151.4333,27.69,87,100,10.19,PF,1707679774
64,lazaro cardenas,17.9583,-102.2,27.37,59,0,4.17,MX,1707680061
65,buala,-8.145,159.5921,26.32,84,86,2.82,SB,1707680062
66,jamestown,42.097,-79.2353,1.8,80,100,2.57,US,1707680029
67,olyokminsk,60.3736,120.4264,-28.19,99,50,1.61,RU,1707680063
68,ghat,24.9647,10.1728,21.28,11,8,3.67,LY,1707680064
69,hiratacho,35.4333,132.8167,6.01,75,75,6.69,JP,1707680064
70,isafjordur,66.0755,-23.124,2.1,76,14,12.91,IS,1707679765
71,peace river,56.2501,-117.286,2.17,55,75,3.6,CA,1707680065
72,winnemucca,40.973,-117.7357,4.03,48,0,2.06,US,1707680066
73,weno,7.4515,151.8468,26.97,83,75,4.12,FM,1707680066
74,hithadhoo,-0.6,73.0833,26.96,79,27,3.46,MV,1707680067
75,hermanus,-34.4187,19.2345,21.0,68,22,4.42,ZA,1707680067
76,port lincoln,-34.7333,135.8667,17.08,90,0,1.88,AU,1707679988
77,utrik,11.2278,169.8474,26.05,74,100,10.89,MH,1707680068
78,sitka,57.0531,-135.33,5.94,65,75,5.14,US,1707679999
79,badger,64.8,-147.5333,-5.66,90,100,2.06,US,1707679981
80,albany,42.6001,-73.9662,6.21,68,100,0.89,US,1707680008
81,achinsk,56.2694,90.4993,-13.79,88,100,5.68,RU,1707680070
82,marsa alam,25.0757,34.8918,18.51,55,0,2.71,EG,1707680071
83,soio,-6.1349,12.3689,27.63,83,96,2.75,AO,1707680071
84,kannur,11.8675,75.3576,22.66,77,5,1.61,IN,1707680072
85,vallenar,-28.5708,-70.7581,26.99,35,0,3.52,CL,1707680072
86,margaret river,-33.95,115.0667,17.44,80,1,7.66,AU,1707680073
87,jackson,42.4165,-122.8345,10.42,71,20,2.57,US,1707679941
88,dudinka,69.4058,86.1778,-34.07,97,26,0.89,RU,1707680074
89,kwang binh,17.4833,106.6,17.02,78,91,2.38,VN,1707680074
90,susuman,62.7833,148.1667,-34.61,100,100,0.48,RU,1707680075
91,codrington,-38.2667,141.9667,14.33,95,2,1.75,AU,1707679816
92,stanley,54.868,-1.6985,5.77,92,75,5.14,GB,1707680076
93,cadillac,44.2519,-85.4012,-0.67,69,100,4.12,US,1707680077
94,antsiranana,-12.2787,49.2917,25.04,92,100,4.7,MG,1707680077
95,port alfred,-33.5906,26.891,21.21,80,63,3.58,ZA,1707680078
96,atafu village,-8.5421,-172.5159,28.08,78,100,2.47,TK,1707680078
97,qurayyat,31.3318,37.3428,12.1,43,0,2.06,SA,1707680079
98,saint-francois,46.4154,3.9054,8.69,78,100,4.12,FR,1707680079
99,barabai,-2.5833,115.3833,23.06,99,100,0.33,ID,1707680080
100,abay,49.6311,72.8539,-18.79,98,25,3.24,KZ,1707680080
101,kardzhali,41.65,25.3667,13.62,80,100,13.29,BG,1707680081
102,tobruk,32.0836,23.9764,17.66,38,100,6.27,LY,1707680082
103,lesogorsk,56.0458,99.5136,-16.71,94,76,2.24,RU,1707680082
104,coquimbo,-29.9533,-71.3436,21.85,68,20,5.14,CL,1707680083
105,duong dong,10.2167,103.9667,26.0,83,0,3.09,VN,1707680084
106,aasiaat,68.7098,-52.8699,-24.62,99,99,5.53,GL,1707680084
107,solnechnyy,50.7214,136.6319,-16.32,93,100,2.01,RU,1707680085
108,lisala,2.15,21.5167,29.89,34,93,1.0,CD,1707680086
109,cacheu,12.2706,-16.1658,32.05,49,0,3.3,GW,1707680086
110,tralee,52.2704,-9.7026,4.77,83,84,4.32,IE,1707680087
111,montmagny,48.9734,2.3469,9.97,82,75,7.72,FR,1707680087
112,brak,27.5496,14.2714,21.51,18,83,5.31,LY,1707680088
113,todos santos,23.45,-110.2167,20.72,61,0,0.89,MX,1707680041
114,ust-nera,64.5667,143.2,-34.33,99,99,0.91,RU,1707680089
115,tokonou,9.65,-9.7833,29.0,11,18,1.74,GN,1707680089
116,salahonda,2.1019,-78.7217,26.78,84,52,4.58,CO,1707680090
117,tarakan,3.3,117.6333,25.2,83,100,4.22,ID,1707680091
118,arenys de mar,41.5819,2.5494,13.28,60,1,0.89,ES,1707680091
119,colonia,50.9333,6.95,10.03,82,75,2.57,DE,1707679981
120,nyurba,63.2842,118.3319,-26.94,98,100,3.7,RU,1707680092
121,saint-joseph,-21.3667,55.6167,26.21,82,41,1.8,RE,1707680082
122,castillos,-34.1667,-53.8333,29.2,60,0,5.03,UY,1707680093
123,aripuana,-9.1667,-60.6333,27.1,79,100,0.65,BR,1707680094
124,kaindy,42.8247,73.6759,-0.26,99,100,1.08,KG,1707680094
125,klyuchi,52.2667,79.1667,-13.01,86,55,6.17,RU,1707680074
126,santa elena de uairen,4.6167,-61.1333,31.74,26,60,6.83,VE,1707680095
127,carutapera,-1.195,-46.02,28.21,79,33,7.2,BR,1707680095
128,mhamid,29.82,-5.72,20.82,30,0,2.48,MA,1707680096
129,tazovsky,67.4667,78.7,-32.38,98,100,2.5,RU,1707680097
130,phan rang-thap cham,11.5667,108.9833,22.08,80,41,5.75,VN,1707680097
131,yenotayevka,47.2456,47.0281,0.16,98,100,5.59,RU,1707680098
132,turabah,21.2141,41.6331,16.02,27,0,2.35,SA,1707680098
133,longyearbyen,78.2186,15.6401,-6.09,86,75,3.09,SJ,1707680098
134,nowshahr,36.649,51.496,9.97,76,0,0.0,IR,1707680099
135,georgetown,5.4112,100.3354,27.96,76,20,4.12,MY,1707680041
136,west island,-12.1568,96.8225,27.99,78,40,4.12,CC,1707680027
137,puerto ayora,-0.7393,-90.3518,31.98,90,36,3.58,EC,1707680100
138,yerofey pavlovich,53.9667,121.9667,-12.62,96,100,0.46,RU,1707680105
139,zhanaozen,43.3,52.8,7.96,75,100,4.95,KZ,1707680106
140,alofi,-19.0595,-169.9187,28.94,84,100,3.6,NU,1707680106
141,broome,42.2506,-75.833,4.83,77,100,2.68,US,1707679916
142,enewetak,11.3474,162.3373,26.38,75,100,10.45,MH,1707680108
143,ternate,0.8,127.4,26.46,84,93,4.07,ID,1707680109
144,laibin,23.7,109.2667,14.12,53,2,0.85,CN,1707680110
145,bilibino,68.0546,166.4372,-32.94,100,100,1.51,RU,1707680110
146,sinabang,2.4803,96.3801,26.63,83,8,0.38,ID,1707679850
147,kalmunai,7.4167,81.8167,25.07,82,44,4.73,LK,1707680111
148,bafoulabe,13.8065,-10.8321,32.8,6,0,2.79,ML,1707680112
149,kodinsk,58.6881,99.1844,-13.99,92,100,3.65,RU,1707680112
150,ipora,-16.4419,-51.1178,22.56,93,97,5.17,BR,1707679923
151,caluula,11.9661,50.7569,25.89,72,0,6.4,SO,1707680113
152,dampit,-8.2116,112.7493,21.74,98,100,1.03,ID,1707680114
153,san rafael,-34.6177,-68.3301,33.54,31,0,3.09,AR,1707680115
154,linxia chengguanzhen,35.6003,103.2064,-1.17,42,0,1.61,CN,1707680115
155,doschatoye,55.3825,42.1072,-11.6,90,100,3.6,RU,1707680116
156,puerto san jose,13.9256,-90.8244,33.58,35,3,5.88,GT,1707680116
157,villa del totoral,-30.8167,-63.7167,34.68,44,1,5.25,AR,1707680117
158,salalah,17.0151,54.0924,25.05,78,40,2.57,OM,1707680117
159,yantarnyy,54.8717,19.9381,2.92,97,100,7.69,RU,1707680118
160,whitehorse,60.7161,-135.0538,-2.57,73,75,4.63,CA,1707679857
161,hammerfest,70.6634,23.6821,-0.75,64,40,3.09,NO,1707680119
162,lorengau,-2.0226,147.2712,27.46,78,100,3.08,PG,1707680120
163,dem'yanovo,60.3511,47.0842,-20.24,100,81,1.91,RU,1707680120
164,maintirano,-18.0667,44.0167,28.17,82,99,4.94,MG,1707680121
165,pingliang,35.5392,106.6861,1.77,56,0,0.76,CN,1707680122
166,lucapa,-8.4192,20.7447,19.55,96,97,0.95,AO,1707680123
167,ribeira brava,32.65,-17.0667,21.67,85,7,3.11,PT,1707680124
168,hanceville,34.0607,-86.7675,18.57,89,100,0.89,US,1707680124
169,saint croix,17.7397,-64.7388,27.25,73,100,5.66,VI,1707680125
170,termas de rio hondo,-27.4998,-64.8604,37.19,34,100,3.73,AR,1707679879
171,luderitz,-26.6481,15.1594,18.4,92,3,2.42,NA,1707680101
172,gadzhiyevo,69.2551,33.3362,-13.63,90,100,3.74,RU,1707680116
173,quang ngai,15.1167,108.8,18.35,95,100,1.95,VN,1707680127
174,manismata,-2.4667,111.0333,23.36,99,100,0.49,ID,1707680128
175,salekhard,66.53,66.6019,-29.33,89,25,2.72,RU,1707680128
176,labrador city,52.9463,-66.9114,-5.46,80,100,5.14,CA,1707679901
177,pimentel,-6.8367,-79.9342,31.16,55,0,8.75,PE,1707680129
178,ola,59.5833,151.2833,-22.47,88,100,3.25,RU,1707679863
179,yelizovo,53.1873,158.3805,-16.78,54,0,6.0,RU,1707679876
180,kruisfontein,-34.0033,24.7314,21.05,83,25,5.77,ZA,1707680131
181,anadyr,64.75,177.4833,-23.72,84,75,5.0,RU,1707680131
182,urengoy,65.9667,78.3667,-30.3,98,84,3.33,RU,1707680132
183,hilo,19.7297,-155.09,26.27,93,100,4.12,US,1707679914
184,san luis de la loma,17.2706,-100.8939,28.74,57,0,4.24,MX,1707680133
185,pangody,65.85,74.4859,-29.36,100,100,3.91,RU,1707680015
186,portland,45.5234,-122.6762,12.21,92,100,5.66,US,1707679732
187,qashyr,53.0675,76.1036,-16.31,93,100,6.93,KZ,1707680134
188,holualoa,19.6228,-155.9522,24.2,74,0,1.54,US,1707679919
189,la passe,45.5549,-0.8967,8.32,78,80,3.06,FR,1707679902
190,howrah,22.5892,88.3103,19.0,63,40,0.0,IN,1707680136
191,papatowai,-46.5619,169.4708,11.65,75,100,2.75,NZ,1707680136
192,merizo village,13.2658,144.6691,26.31,80,100,8.44,GU,1707680137
193,yuzhno-kurilsk,44.0306,145.8556,-7.57,81,56,2.24,RU,1707680138
194,cannonvale,-20.2833,148.7,26.66,79,31,4.44,AU,1707680138
195,akureyri,65.6835,-18.0878,0.96,69,100,4.12,IS,1707680125
196,okha,53.5739,142.9478,-25.23,100,100,2.08,RU,1707680139
197,bonnyville,54.2668,-110.735,0.89,62,0,4.2,CA,1707680140
198,porirua,-41.1333,174.85,14.07,78,15,3.68,NZ,1707680140
199,husainabad,24.5333,84.0167,15.18,34,45,1.15,IN,1707680141
200,sao joao da barra,-21.6403,-41.0511,30.05,83,0,7.15,BR,1707680141
201,nova olimpia,-14.7972,-57.2881,25.61,90,100,2.11,BR,1707680142
202,oamaru,-45.0784,170.9801,8.54,87,100,0.51,NZ,1707680142
203,bodo,67.28,14.405,-5.68,63,0,5.36,NO,1707680097
204,karaidel',55.8337,56.9069,-19.71,100,100,2.0,RU,1707680143
205,miranda,3.2499,-76.2281,31.07,64,43,0.71,CO,1707680144
206,qamdo,31.1667,97.2333,-9.22,43,2,1.73,CN,1707680145
207,letlhakeng,-24.0944,25.0298,22.21,68,38,3.73,BW,1707680146
208,tolanaro,-25.0319,46.9987,27.04,89,40,7.2,MG,1707680147
209,brezina,33.0989,1.2608,14.95,49,36,6.02,DZ,1707680147
210,tuba city,36.135,-111.2399,5.77,35,4,4.02,US,1707680148
211,konarka,19.9,86.1167,20.22,62,0,0.51,IN,1707680148
212,iskateley,67.6803,53.1512,-30.55,100,38,1.79,RU,1707680113
213,santa cruz,-17.8,-63.1667,31.7,66,75,5.66,BO,1707680150
214,salym,60.0625,71.4789,-20.53,96,100,3.4,RU,1707680150
215,horta,38.5333,-28.6333,17.8,89,40,8.75,PT,1707680151
216,aykhal,66.0,111.5,-35.24,100,100,4.01,RU,1707680152
217,semnan,35.5729,53.3971,9.02,42,0,1.09,IR,1707680152
218,taltal,-25.4,-70.4833,22.88,73,100,4.23,CL,1707680153
219,caleta de carquin,-11.0925,-77.6267,26.49,75,72,4.89,PE,1707680154
220,skelleftea,64.7507,20.9528,-24.8,77,0,3.09,SE,1707680155
221,trondheim,63.4305,10.3951,-1.95,76,100,4.72,NO,1707680155
222,plouzane,48.3833,-4.6167,8.03,81,100,2.57,FR,1707680156
223,barranca,-10.75,-77.7667,26.91,69,82,5.9,PE,1707679999
224,ilula,-7.6766,36.0366,18.59,94,100,0.4,TZ,1707680157
225,kaifeng,34.7911,114.3483,6.17,87,0,4.24,CN,1707680157
226,tangalle,6.024,80.7911,22.05,84,1,1.44,LK,1707680142
227,pader palwo,2.8006,33.135,28.32,33,57,1.72,UG,1707680158
228,limassol,34.675,33.0333,15.04,82,0,3.09,CY,1707680159
229,mount gambier,-37.8333,140.7667,11.62,96,1,0.96,AU,1707680053
230,itacare,-14.2775,-38.9967,26.27,87,100,3.36,BR,1707680160
231,waddan,29.1614,16.139,21.7,19,100,2.7,LY,1707680160
232,tokar,18.4254,37.729,23.09,60,35,3.67,SD,1707680161
233,salina cruz,16.1667,-95.2,30.01,57,0,7.9,MX,1707680162
234,ngereklmadel,7.4883,134.4856,26.05,89,75,3.6,PW,1707680162
235,constantia,44.1833,28.65,12.38,64,90,7.55,RO,1707680163
236,nizhnesortymskiy,62.4397,71.7603,-21.78,92,97,6.08,RU,1707680126
237,al fuwayliq,26.4432,43.2534,11.1,67,0,7.12,SA,1707680165
238,ta`u,-14.2336,-169.5144,28.62,82,100,7.14,AS,1707680165
239,newman,37.3138,-121.0208,14.03,70,100,0.89,US,1707680166
240,ramsey,45.0333,-93.0835,3.28,53,0,4.63,US,1707680166
241,fale old settlement,-9.3852,-171.2468,27.2,85,100,5.57,TK,1707680119
242,prince albert,53.2001,-105.7677,-0.03,64,0,7.2,CA,1707680167
243,vilyuysk,63.7553,121.6247,-30.0,95,100,4.02,RU,1707680132
244,wailua homesteads,22.0669,-159.378,24.3,78,75,3.09,US,1707680116
245,bayanhongor,46.7167,100.1167,-17.96,84,10,1.66,MN,1707680170
246,yung shue wan,22.2333,114.1167,16.49,58,19,8.87,HK,1707680170
247,banjar,-8.19,114.9675,25.45,92,100,2.1,ID,1707680172
248,wick,58.4333,-3.0833,6.03,87,40,1.03,GB,1707679470
249,mizdah,31.4451,12.9801,14.31,39,100,5.48,LY,1707680173
250,nantucket,41.2835,-70.0995,8.9,71,100,3.94,US,1707680174
251,khandyga,62.6667,135.6,-39.12,98,42,1.52,RU,1707680167
252,angra do heroismo,38.65,-27.2167,18.34,94,20,3.13,PT,1707680175
253,jiazi,22.8779,116.067,11.2,74,0,2.31,CN,1707680176
254,coron,11.9986,120.2043,24.41,82,28,3.02,PH,1707680176
255,chiang klang,19.2938,100.8617,17.32,96,47,0.69,TH,1707680177
256,boguchany,58.3814,97.4531,-14.48,92,100,2.92,RU,1707680178
257,horodok,49.1637,26.5839,6.17,74,86,3.17,UA,1707680178
258,lensk,60.7253,114.9278,-29.45,100,99,1.18,RU,1707680179
259,kavaratti,10.5669,72.642,27.85,75,3,4.75,IN,1707680100
260,eslohe,51.25,8.1667,7.6,90,100,2.19,DE,1707680180
261,cidreira,-30.1811,-50.2056,26.9,78,42,4.28,BR,1707680180
262,hovd,48.0056,91.6419,2.58,45,27,17.84,MN,1707680181
263,ballina,-28.8667,153.5667,21.55,78,92,4.59,AU,1707680182
264,san carlos,9.6612,-68.5827,35.6,28,27,1.71,VE,1707680068
265,whakatane,-37.9585,176.9854,14.93,78,2,2.68,NZ,1707680184
266,toguchin,55.2353,84.3858,-16.11,94,100,5.17,RU,1707680185
267,dondo,-19.6094,34.7431,29.73,88,79,5.68,MZ,1707680185
268,ponta delgada,37.7333,-25.6667,18.44,88,75,6.69,PT,1707680186
269,guaratinga,-16.5667,-39.5667,27.98,67,50,4.56,BR,1707680186
270,san antonio de pale,-1.4014,5.6325,28.67,75,100,2.2,GQ,1707680160
271,kayabaglar,37.9825,41.6653,4.29,66,0,1.35,TR,1707680187
272,amga,60.8953,131.9608,-37.56,100,96,1.21,RU,1707680188
273,paragominas,-2.9667,-47.4833,24.9,87,96,0.84,BR,1707680188
274,qorveh,35.1664,47.8045,2.87,64,0,1.49,IR,1707680189
275,gao,16.6362,1.637,25.99,8,0,4.3,ML,1707680190
276,massawa,15.6097,39.45,25.44,71,78,4.56,ER,1707680190
277,jaszkiser,47.45,20.2167,11.0,94,100,1.45,HU,1707680191
278,bandundu,-3.3167,17.3667,26.58,71,100,1.55,CD,1707680191
279,lagos,6.5833,3.75,30.18,86,6,2.9,NG,1707680192
280,aketi,2.7388,23.7833,28.91,44,100,0.55,CD,1707680192
281,lompoc,34.6391,-120.4579,18.9,55,0,0.45,US,1707680193
282,artova,40.1158,36.3001,7.82,62,100,3.16,TR,1707680194
283,zhezqazghan,47.7833,67.7667,-22.42,94,19,2.31,KZ,1707680194
284,pamandzi,-12.7967,45.2794,25.88,89,0,4.63,YT,1707680195
285,san felipe,10.3399,-68.7425,28.37,63,53,4.5,VE,1707680195
286,maceio,-9.6658,-35.7353,29.69,79,40,5.66,BR,1707680082
287,muroto-misakicho,33.2833,134.15,8.13,55,34,8.83,JP,1707680196
288,carnarvon,-24.8667,113.6333,25.51,72,0,7.81,AU,1707680197
289,martapura,-3.4167,114.85,24.05,100,20,1.03,ID,1707680198
290,twon-brass,4.3151,6.2418,28.25,85,85,5.03,NG,1707679984
291,al kharj,24.155,47.3346,17.32,58,4,4.64,SA,1707680199
292,vila franca do campo,37.7167,-25.4333,18.27,99,55,6.76,PT,1707680105
293,colares,38.7992,-9.4469,17.96,98,100,8.49,PT,1707680108
294,prince rupert,54.3161,-130.3201,4.83,100,75,7.2,CA,1707680201
295,thinadhoo,0.5333,72.9333,27.5,76,50,6.11,MV,1707680201
296,detroit lakes,46.8172,-95.8453,0.5,72,75,6.17,US,1707680061
297,turkmenbasy,40.0222,52.9552,9.43,61,0,1.03,TM,1707680202
298,kununurra,-15.7667,128.7333,24.99,100,100,2.57,AU,1707679985
299,zinapecuaro,19.8667,-100.8167,24.36,19,7,5.98,MX,1707680203
300,vyerkhnyadzvinsk,55.7815,27.9443,-1.08,97,100,3.11,BY,1707680203
301,lubang,13.8584,120.124,25.21,73,18,13.38,PH,1707680204
302,krasnoyarsk,56.0097,92.7917,-11.78,83,100,4.79,RU,1707680204
303,udachny,66.4167,112.4,-30.97,97,100,3.83,RU,1707680205
304,migori,-1.0634,34.4731,18.24,90,77,2.33,KE,1707680206
305,chulym,55.0997,80.9572,-17.57,96,100,4.74,RU,1707680206
306,kasane,-17.8167,25.15,24.25,64,99,0.85,BW,1707680207
307,alice springs,-23.7,133.8833,26.79,60,100,0.0,AU,1707679932
308,namtsy,62.7161,129.6658,-35.23,99,100,2.15,RU,1707680208
309,beterou,9.1992,2.2586,31.4,16,3,1.81,BJ,1707680208
310,adrar,20.5022,-10.0711,23.8,28,0,3.85,MR,1707680209
311,zhosaly,45.4878,64.0781,-5.75,62,100,4.61,KZ,1707680209
312,kerouane,9.2667,-9.0167,28.41,13,31,1.27,GN,1707680210
313,thompson,55.7435,-97.8558,-10.91,85,100,2.06,CA,1707680093
314,zambezi,-13.5432,23.1047,22.55,65,100,2.25,ZM,1707680211
315,mancio lima,-7.6142,-72.8958,29.04,79,75,2.57,BR,1707680212
316,linden,6.0,-58.3,33.48,35,18,4.31,GY,1707680080
317,st. john's,47.5649,-52.7093,4.04,85,75,3.6,CA,1707680106
318,klaksvik,62.2266,-6.589,4.51,89,94,6.82,FO,1707680213
319,igarka,67.4667,86.5833,-29.59,87,7,2.67,RU,1707680041
320,polyarnyy,69.1989,33.4478,-16.05,94,100,2.91,RU,1707680212
321,kasongo-lunda,-6.4667,16.8167,23.35,88,98,1.02,CD,1707680215
322,nogliki,51.8333,143.1667,-22.03,100,65,2.24,RU,1707680215
323,punta arenas,-53.15,-70.9167,13.06,47,40,13.38,CL,1707680216
324,baukau,51.5526,7.2042,9.42,86,100,2.44,DE,1707680217
325,qarauyl,48.9451,79.255,-19.54,94,15,2.65,KZ,1707680218
326,caete,-19.88,-43.6697,28.67,87,42,2.29,BR,1707680218
327,genhe,50.7833,121.5167,-15.92,100,100,2.01,CN,1707680219
328,kainan,34.15,135.2,6.02,61,9,12.78,JP,1707680220
329,goundam,16.4145,-3.6708,24.47,8,0,2.07,ML,1707680220
330,okhotsk,59.3833,143.3,-29.33,93,88,2.58,RU,1707680175
331,tadine,-21.55,167.8833,26.07,85,22,7.86,NC,1707680221
332,kingston,17.997,-76.7936,29.58,63,20,8.75,JM,1707680194
333,tsetserleg,47.475,101.4542,-10.52,75,94,3.69,MN,1707680222
334,mahina,-17.5065,-149.489,28.75,89,75,7.2,PF,1707680223
335,mazatlan,23.2167,-106.4167,25.98,56,0,4.12,MX,1707680208
336,presidencia de la plaza,-27.0015,-59.8424,31.82,54,100,1.98,AR,1707680224
337,nanao,37.05,136.9667,1.82,98,100,3.65,JP,1707680224
338,kangding,30.0513,101.9603,4.92,48,15,1.85,CN,1707680225
339,altay,47.8667,88.1167,-3.08,93,100,1.83,CN,1707680185
340,tibati,6.4667,12.6333,26.84,21,1,0.65,CM,1707680226
341,amahai,-3.3333,128.9167,25.2,89,100,2.26,ID,1707680226
342,moab,38.5733,-109.5498,4.23,48,4,1.69,US,1707680227
343,oriximina,-1.7656,-55.8661,30.61,61,89,0.63,BR,1707680112
344,touros,-5.1989,-35.4608,28.1,81,11,7.86,BR,1707680228
345,port augusta,-32.5,137.7667,23.87,42,0,2.71,AU,1707680229
346,santyoku,37.4406,129.1708,0.68,70,4,2.71,KR,1707680230
347,lata,40.1629,-8.3327,12.82,95,100,3.71,PT,1707680230
348,gudauta,43.1055,40.6207,11.9,68,100,3.33,GE,1707680231
349,bajina basta,43.9708,19.5675,10.48,70,84,2.35,RS,1707680232
350,sinan,34.8262,126.1086,-0.94,71,0,2.65,KR,1707680232
351,shingu,33.7333,135.9833,3.72,76,32,4.45,JP,1707680233
352,bristol,41.8334,-71.1662,9.32,55,0,3.6,US,1707680233
353,harrisburg,40.2737,-76.8844,9.61,64,100,3.09,US,1707679589
354,kingaroy,-26.5333,151.8333,17.3,91,38,2.65,AU,1707680234
355,pisco,-13.7,-76.2167,28.03,65,0,9.26,PE,1707680235
356,tommot,58.9564,126.2925,-12.62,97,100,0.91,RU,1707680235
357,tromso,69.6496,18.957,-4.99,80,20,1.54,NO,1707680236
358,beitbridge,-22.2167,30.0,23.94,57,8,9.63,ZW,1707680237
359,belle fourche,44.6714,-103.8522,7.5,31,15,7.95,US,1707680237
360,taksimo,56.3444,114.8794,-15.83,96,92,0.48,RU,1707680238
361,rabigh,22.7986,39.0349,21.46,51,6,2.38,SA,1707680238
362,gamba,-2.65,10.0,26.74,83,100,1.87,GA,1707680239
363,half moon bay,37.4636,-122.4286,16.6,78,20,3.6,US,1707680239
364,arraial do cabo,-22.9661,-42.0278,30.98,58,0,10.29,BR,1707680149
365,majene,-3.5403,118.9707,25.8,90,100,6.34,ID,1707680241
366,garissa,-0.4536,39.6401,31.48,36,97,5.19,KE,1707680241
367,matthew town,20.95,-73.6667,25.76,62,0,8.31,BS,1707680242
368,xining,36.6167,101.7667,-5.93,56,0,1.29,CN,1707680242
369,egilsstadir,65.2653,-14.3948,-0.05,93,100,8.23,IS,1707680099
370,arkhangel'sk,64.5401,40.5433,-22.72,76,20,2.0,RU,1707680048
371,hadibu,12.65,54.0333,25.67,73,7,6.01,YE,1707680118
372,east london,-33.0153,27.9116,21.5,77,55,7.72,ZA,1707680107
373,kailua-kona,19.6406,-155.9956,26.27,74,0,1.54,US,1707680132
374,zachary,30.6485,-91.1565,25.48,71,100,4.69,US,1707680246
375,fort myers shores,26.7092,-81.7459,29.03,65,75,5.66,US,1707680246
376,bucerias,20.75,-105.3333,25.99,61,75,3.6,MX,1707680044
377,valparaiso,-33.0393,-71.6273,25.13,54,0,5.14,CL,1707680247
378,rocha,-34.4833,-54.3333,29.96,55,0,5.78,UY,1707680248
379,inebolu,41.9747,33.7608,14.11,59,100,2.93,TR,1707680248
380,grand falls-windsor,48.9332,-55.6649,2.5,93,100,0.45,CA,1707680249
381,tammun,32.2835,35.3837,13.31,57,100,1.93,PS,1707680249
382,summerside,46.3959,-63.7876,5.19,75,100,2.57,CA,1707680084
383,maumere,-8.6199,122.2111,26.8,82,78,2.19,ID,1707680239
384,shache,38.4167,77.2406,1.13,54,92,1.63,CN,1707680251
385,petropavlovsk-kamchatsky,53.0452,158.6483,-17.53,81,0,6.0,RU,1707680251
386,taulaga,-11.0553,-171.0883,27.84,84,100,9.1,AS,1707680252
387,sterling,39.0062,-77.4286,11.23,85,100,2.57,US,1707680146
388,macapa,0.0389,-51.0664,26.99,89,100,3.09,BR,1707680253
389,kismayo,-0.3582,42.5454,26.67,84,49,6.89,SO,1707680254
390,auriflama,-20.6856,-50.5547,32.38,41,59,4.86,BR,1707680255
391,wau,7.7029,27.9953,31.16,21,66,2.56,SS,1707680255
392,san fernando,15.0286,120.6898,22.85,87,99,0.08,PH,1707680157
393,aioun,16.6614,-9.6149,27.6,6,0,4.25,MR,1707680256
394,trujillo,-8.116,-79.03,25.98,78,20,6.17,PE,1707679633
395,mahajanga,-15.7167,46.3167,28.01,89,40,2.57,MG,1707680257
396,altamira,-3.2033,-52.2064,25.62,95,94,0.62,BR,1707680258
397,nar'yan-mar,67.6713,53.087,-30.5,100,47,1.79,RU,1707680259
398,novospasskoye,53.1468,47.7514,-23.9,100,82,1.24,RU,1707680259
399,ierapetra,35.01,25.7353,17.3,81,100,2.68,GR,1707680260
400,fortuna,40.5982,-124.1573,16.63,79,75,0.89,US,1707680260
401,mossendjo,-2.9506,12.7261,22.98,96,99,0.16,CG,1707680261
402,zhuanghe,39.7008,122.9911,-2.9,64,0,2.01,CN,1707680261
403,bereznik,62.8551,42.7072,-21.22,100,100,0.99,RU,1707680262
404,chachapoyas,-6.2317,-77.869,19.28,79,70,0.89,PE,1707679977
405,severo-yeniseyskiy,60.3725,93.0408,-18.09,94,100,4.3,RU,1707680263
406,al jadid,27.05,14.4,20.16,9,61,3.33,LY,1707680263
407,sisimiut,66.9395,-53.6735,-20.33,93,95,2.62,GL,1707680264
408,mian channun,30.44,72.3543,13.16,24,56,2.12,PK,1707680264
409,naze,28.3667,129.4833,12.51,63,5,4.96,JP,1707680265
410,viqueque,-8.8673,126.3658,25.53,91,100,1.81,TL,1707680265
411,eirunepe,-6.6603,-69.8736,26.12,94,100,1.03,BR,1707680266
412,safi,32.1667,-8.8333,15.39,75,0,1.57,MA,1707680266
413,nova sintra,14.8667,-24.7167,20.97,75,0,3.81,CV,1707680267
414,leava,-14.3,-178.1667,28.83,82,100,8.95,WF,1707680268
415,kyelang,32.5833,77.0333,-14.59,85,3,5.8,IN,1707680268
416,fort lee,40.8509,-73.9701,8.58,56,0,3.6,US,1707680268
417,seen (kreis 3),47.4765,8.77,7.39,76,20,6.17,CH,1707680269
418,prado,-17.3411,-39.2208,27.3,75,69,2.99,BR,1707680270
419,cobh,51.8572,-8.2992,4.58,87,40,4.12,IE,1707680270
420,oguz,41.0708,47.4583,3.91,35,32,3.77,AZ,1707680271
421,kerikeri,-35.2268,173.9474,16.06,83,46,0.89,NZ,1707680271
422,xinyu,27.8043,114.9334,7.98,82,0,0.38,CN,1707680272
423,bousse,12.6606,-1.8922,28.16,7,0,3.36,BF,1707680272
424,calvinia,-31.4707,19.776,27.4,17,0,1.34,ZA,1707680273
425,kargasok,59.0556,80.8572,-20.97,96,93,4.35,RU,1707680273
426,nguigmi,14.2495,13.1092,24.61,15,54,3.63,NE,1707680274
427,patterson,37.4716,-121.1297,13.75,70,95,2.04,US,1707680045
428,temiskaming shores,47.4938,-79.7153,-5.11,63,100,2.66,CA,1707680275
429,awjilah,29.1081,21.2869,20.2,17,98,4.48,LY,1707680275
430,beipiao,41.7919,120.7792,-3.72,55,0,2.43,CN,1707680276
431,bargaal,11.2864,51.0773,24.62,80,14,1.52,SO,1707680276
432,nadvoitsy,63.8667,34.3167,-25.26,100,57,1.58,RU,1707680277
433,hasaki,35.7333,140.8333,3.22,94,100,7.26,JP,1707680119
434,chu,43.5983,73.7614,0.2,96,100,2.82,KZ,1707680279
435,berwick-upon-tweed,55.7833,-2.0,6.13,86,90,6.26,GB,1707680279
436,kuhmo,64.1333,29.5167,-25.86,100,38,1.25,FI,1707680280
437,kone,-21.0595,164.8658,25.24,86,1,1.01,NC,1707680280
438,toliara,-23.35,43.6667,26.61,83,94,5.12,MG,1707680281
439,le port,-20.9373,55.2919,27.0,80,43,2.55,RE,1707680281
440,afaahiti,-17.75,-149.2833,27.81,85,99,11.63,PF,1707680096
441,panacan,9.2463,118.4082,25.22,82,0,6.95,PH,1707680282
442,noumea,-22.2763,166.4572,27.22,99,84,5.96,NC,1707680121
443,amasra,41.7463,32.3863,13.47,61,100,3.96,TR,1707680283
444,shizunai-furukawacho,42.3339,142.3669,-5.65,83,50,1.57,JP,1707680088
445,kourou,5.1552,-52.6478,29.03,68,12,4.19,GF,1707680095
446,ambon,-3.6954,128.1814,28.08,78,40,3.6,ID,1707680285
447,norrtalje,59.758,18.705,-2.77,90,100,4.23,SE,1707680286
448,dakhla,23.6848,-15.958,20.01,83,0,10.29,EH,1707680286
449,ojinaga,29.5667,-104.4167,13.65,33,0,8.75,MX,1707680287
450,bogale,16.2833,95.4,22.51,71,78,2.64,MM,1707680287
451,pathein,16.7833,94.7333,22.66,76,11,2.18,MM,1707680288
452,san patricio,28.017,-97.5169,27.97,34,0,9.26,US,1707680185
453,axim,4.8699,-2.2405,27.87,83,86,2.31,GH,1707680289
454,minas de marcona,-15.2119,-75.1103,24.01,59,90,6.85,PE,1707680128
455,praia da vitoria,38.7333,-27.0667,18.14,77,20,10.45,PT,1707680290
456,naryn,41.4287,75.9911,-11.16,69,30,3.76,KG,1707680291
457,puerto baquerizo moreno,-0.9,-89.6,29.55,74,75,5.14,EC,1707680292
458,crane,31.3974,-102.3501,11.77,38,44,8.06,US,1707680292
459,fort mcmurray,56.7268,-111.381,1.77,55,0,6.69,CA,1707680293
460,kaspiyskiy,45.3929,47.3707,3.75,82,100,2.0,RU,1707680294
461,smithers,54.7804,-127.1743,-4.82,100,100,1.03,CA,1707680105
462,pokhara,28.2333,83.9833,11.61,23,0,3.02,NP,1707680296
463,mitsamiouli,-11.3847,43.2844,28.18,80,100,4.13,KM,1707680296
464,hirara,24.8,125.2833,15.92,62,75,4.12,JP,1707680297
465,bukama,-9.2,25.85,22.39,95,100,1.44,CD,1707680297
466,labytnangi,66.6572,66.4183,-29.03,89,27,3.13,RU,1707680134
467,karasuk,53.7377,78.0403,-16.48,93,100,6.39,RU,1707680298
468,mermoz boabab,14.7065,-17.4758,29.31,83,0,3.09,SN,1707680299
469,villa gesell,-37.2639,-56.973,28.31,57,53,1.38,AR,1707680300
470,sur,22.5667,59.5289,21.78,84,100,2.1,OM,1707680301
471,clinton,42.587,-82.9199,4.59,66,75,1.79,US,1707680078
472,slave lake,55.2834,-114.769,-3.01,74,0,1.03,CA,1707680302
473,port moresby,-9.4431,147.1797,24.68,94,40,2.57,PG,1707680302
474,freetown,8.484,-13.2299,26.0,83,32,3.82,SL,1707680175
475,kajaani,64.2273,27.7285,-25.97,76,0,0.51,FI,1707680303
476,saudarkrokur,65.7461,-19.6394,-1.0,79,100,5.25,IS,1707680304
477,siliana,36.085,9.3708,8.05,74,98,5.48,TN,1707680305
478,selfoss,63.9331,-20.9971,-4.35,72,77,5.96,IS,1707680305
479,san ignacio de velasco,-16.3667,-60.95,30.57,62,100,2.29,BO,1707680131
480,nuuk,64.1835,-51.7216,-13.66,66,58,7.2,GL,1707680306
481,rongelap,11.1635,166.8941,26.1,80,87,10.44,MH,1707680139
482,ryotsu-minato,38.0833,138.4333,3.55,56,100,4.02,JP,1707680307
483,yarmouth,41.7057,-70.2286,9.26,68,0,2.57,US,1707680077
484,paros,37.0833,25.15,18.5,63,100,11.32,GR,1707680309
485,yeppoon,-23.1333,150.7333,23.88,82,58,6.55,AU,1707680153
486,isangel,-19.55,169.2667,27.17,86,70,4.45,VU,1707680310
487,miracema do tocantins,-9.5618,-48.3967,24.49,87,100,3.13,BR,1707680077
488,huicungo,-7.2833,-76.8,30.79,63,57,1.12,PE,1707680311
489,galesong,-5.3166,119.3661,24.01,87,100,4.89,ID,1707680312
490,nampula,-15.1165,39.2666,24.97,88,75,2.57,MZ,1707680312
491,usinsk,65.9939,57.5281,-31.63,100,97,1.34,RU,1707680122
492,dhandhuka,22.3667,71.9833,19.92,35,100,4.61,IN,1707680314
493,uliastay,47.7417,96.8444,-8.42,75,100,2.74,MN,1707680314
494,san juan de miraflores,-12.1629,-76.9635,26.29,77,63,4.41,PE,1707680315
495,guaruja,-23.9931,-46.2564,29.38,38,40,2.68,BR,1707680315
496,nikol'sk,53.7189,46.0712,-18.7,96,69,3.13,RU,1707680316
497,bilokurakyne,49.5341,38.7307,1.64,100,100,3.71,UA,1707680317
498,tual,-5.6667,132.75,28.57,78,100,5.45,ID,1707680318
499,mount isa,-20.7333,139.5,22.87,94,14,0.0,AU,1707680318
500,shakawe,-18.3667,21.85,23.74,65,1,1.95,BW,1707680319
501,fort abbas,29.1925,72.8536,14.69,18,25,1.94,PK,1707680319
502,lebu,-37.6167,-73.65,16.76,74,100,7.25,CL,1707680152
503,penzance,50.1186,-5.5371,8.38,74,100,6.17,GB,1707680320
504,tucurui,-3.7661,-49.6725,26.33,89,79,1.18,BR,1707680058
505,santiago de cao,-7.9589,-79.2392,26.07,78,20,6.17,PE,1707680321
506,ngama,11.7833,17.1667,27.77,12,0,4.39,TD,1707680322
507,coruripe,-10.1256,-36.1756,27.39,77,100,4.52,BR,1707680323
508,arroyo de la encomienda,41.6096,-4.7969,7.0,89,100,4.63,ES,1707680324
509,alexandria,31.2156,29.9553,14.3,72,100,6.59,EG,1707680044
510,el-tor,28.2364,33.6254,17.08,63,0,2.57,EG,1707680326
511,juneau,58.3019,-134.4197,3.01,93,75,6.17,US,1707680326
512,westport,41.1415,-73.3579,9.36,57,0,4.12,US,1707680104
513,cortez,37.3489,-108.5859,2.24,49,0,0.0,US,1707680327
514,buenos aires,-34.6132,-58.3772,33.84,63,40,4.63,AR,1707680271
515,kabalo,-6.05,26.9167,21.92,94,69,1.3,CD,1707680328
516,kataba,13.9833,44.3833,17.26,68,3,2.09,YE,1707680329
517,tvoroyri,61.5556,-6.8111,6.64,90,99,7.69,FO,1707680174
518,tutoia,-2.7619,-42.2744,28.07,77,100,3.63,BR,1707680330
519,katsuura,35.1333,140.3,3.91,93,100,3.74,JP,1707680330
520,mochudi,-24.4167,26.15,23.31,60,3,3.88,BW,1707680331
521,quva,40.522,72.0729,6.62,44,8,0.97,UZ,1707680332
522,newcastle west,52.4492,-9.0611,4.14,93,100,2.57,IE,1707680332
523,ayora,39.0585,-1.0563,9.49,80,95,3.92,ES,1707680333
524,barclayville,4.6797,-8.2339,27.48,85,100,2.8,LR,1707680334
525,borovskoy,53.8,64.15,-19.08,93,5,3.35,KZ,1707680335
526,walvis bay,-22.9575,14.5053,19.53,77,96,0.0,NA,1707680336
527,talara,-4.5772,-81.2719,32.42,62,20,7.72,PE,1707680336
528,dharur,18.8167,76.1167,24.28,21,51,2.74,IN,1707680337
529,crossville,35.949,-85.0269,12.49,94,100,0.0,US,1707680189
530,buka,40.8108,69.1986,10.45,44,0,0.77,UZ,1707680338
531,korla,41.7597,86.1469,-1.27,64,6,1.58,CN,1707680338
532,al jawf,29.5,38.75,11.91,61,3,5.23,SA,1707680339
533,sile,41.1754,29.6133,16.37,59,100,4.23,TR,1707680339
534,lamu,-2.2717,40.902,26.38,83,100,3.68,KE,1707680340
535,kimbe,-5.5502,150.1429,24.84,93,95,1.05,PG,1707680340
536,gillette,44.2911,-105.5022,4.82,41,75,5.66,US,1707680341
537,richmond,37.5538,-77.4603,13.84,95,100,2.06,US,1707679950
538,pacific grove,36.6177,-121.9166,16.34,65,0,4.92,US,1707680346
539,thunder bay,48.4001,-89.3168,-4.01,86,75,1.54,CA,1707680091
540,emerald,-23.5333,148.1667,22.41,82,34,3.3,AU,1707680348
541,novyy turtkul',41.55,61.0167,2.95,64,92,4.7,UZ,1707680348
542,colby,39.3958,-101.0524,3.89,68,75,6.69,US,1707680276
543,sao vicente,-23.9631,-46.3919,35.1,61,40,2.68,BR,1707680349
544,bar,49.0772,27.6826,8.42,78,77,3.35,UA,1707680350
545,acapulco de juarez,16.8634,-99.8901,28.9,65,0,5.66,MX,1707680092
546,katsuren-haebaru,26.3369,127.8719,17.01,64,100,2.57,JP,1707680351
547,ixtapa,20.7,-105.2,25.57,61,75,3.6,MX,1707680215
548,ancud,-41.8697,-73.8203,15.88,78,82,4.55,CL,1707680125
549,kalampaka,39.7044,21.6269,10.8,85,100,1.06,GR,1707680353
550,mount pearl,47.5166,-52.7813,3.58,85,75,3.6,CA,1707680354
551,koshki,54.2091,50.4677,-22.95,99,28,2.45,RU,1707680355
552,ceerigaabo,10.6162,47.368,17.32,45,4,2.34,SO,1707680355
553,joypur hat,25.0943,89.0217,16.8,44,54,2.43,BD,1707680356
554,begamganj,23.6,78.3333,15.4,33,74,3.66,IN,1707680357
555,mananara,-16.1667,49.7667,25.5,90,100,2.56,MG,1707680357
556,carthage,36.8611,10.3316,12.74,62,40,6.17,TN,1707680358
557,ulanhot,46.0833,122.0833,-6.97,73,0,3.64,CN,1707680358
558,new norfolk,-42.7826,147.0587,14.84,94,100,1.19,AU,1707680123
559,vedasandur,10.5333,77.95,20.59,86,15,2.04,IN,1707680360
560,phan thiet,10.9333,108.1,20.65,77,15,4.77,VN,1707680361
561,villa ojo de agua,-29.5,-63.6938,31.51,52,90,4.95,AR,1707680362
562,nova xavantina,-14.6667,-52.35,23.07,96,100,1.88,BR,1707680362
563,zaozersk,69.4005,32.4476,-19.36,95,100,1.55,RU,1707680363
564,middlebury (village),44.0153,-73.1673,7.54,54,100,1.54,US,1707680364
565,madang,-5.2246,145.7966,24.88,93,88,2.76,PG,1707680364
566,humaita,-7.5061,-63.0208,28.98,69,95,1.42,BR,1707680321
567,maun,-19.9833,23.4167,29.57,37,18,7.14,BW,1707680365
568,verkhnevilyuysk,63.4453,120.3167,-26.9,96,100,4.12,RU,1707680366
569,cascais,38.6979,-9.4215,18.06,98,100,8.49,PT,1707680223
570,sant andreu de llavaneres,41.5667,2.4833,12.89,59,0,0.89,ES,1707680368
571,laguna,38.421,-121.4238,16.12,63,0,2.06,US,1707680368
